Date,Time,RollNumber,Subject
2024-04-26,00:23:05,FECOMPS33,Science
2024-04-26,21:48:46,FECOMPS33,Math
2024-04-26,21:52:10,FECOMPS46,Math
2024-04-26,21:52:16,FECOMPS33,Math
2024-04-26,22:36:24,FECOMPS33,History
2024-04-29,01:22:57,FECOMPS33,Math
2024-05-02,10:07:56,FECOMPS33,Math
2024-05-03,14:54:15,FECOMPS33,Science
2024-05-03,15:21:35,FECOMPS33,Science
2024-05-03,15:21:38,FECOMPS21,Science
2024-05-04,10:31:12,FECOMPS33,Math
2024-05-04,10:32:15,FECOMPS21,Math
2024-05-04,11:39:24,FECOMPS29,Math
2024-05-04,11:39:48,FECOMPS21,Math
2024-05-04,11:39:50,FECOMPS33,Math
